age,income,spend_score,city,membership_years,purchased
39.96714153011233,102228.2611407594,15.044059441989766,Bangalore,0.6766836190000158,0
33.61735698828815,125825.99937128313,11.646663378057614,Delhi,7.078350972297686,0
41.47688538100692,46434.37822834062,40.36723347535638,Delhi,5.4353821734264605,0
50.23029856408026,93511.26168057369,44.14968923029266,Bangalore,0.8172534574677826,1
32.658466252766644,64384.57834107615,7.70565182058467,Pune,4.583006415286564,0
32.6586304305082,68308.9907896473,56.55546129715925,Bangalore,4.8469628713004695,0
50.79212815507391,65782.54581826714,8.806449317179508,Pune,1.6577454016327575,0
42.67434729152909,59264.22152768442,35.2300021062578,Delhi,9.456981470002823,0
30.30525614065048,81164.51907067586,44.289268050349484,Delhi,8.49975371480662,0
40.42560043585965,60057.1972061351,53.03233268228862,Pune,6.690223373291083,0
30.365823071875376,86490.96381871613,44.5606943351511,Delhi,4.622955610006072,0
30.34270246429743,78794.28537322071,49.293316485768756,Pune,4.1176554158450855,0
37.41962271566034,74265.24687520617,24.33031039731153,Mumbai,6.509734671509541,0
18.0,58218.47211100167,50.00055614231166,Bangalore,5.454318694069055,0
18.0,66157.48806636002,10.326201704772458,Mumbai,0.6227310588188562,0
29.377124707590276,98129.38941981815,54.32009942726849,Pune,5.125026487703317,1
24.87168879665576,92022.01250298513,35.56998831230175,Bangalore,8.064036172328395,1
38.142473325952736,56538.67412483478,50.13407957797466,Pune,4.59239877596958,0
25.91975924478789,82383.97533030143,30.425187363988204,Bangalore,0.5195657755426841,0
20.876962986647086,98033.29096092294,40.75319554061235,Bangalore,7.862781993840331,1
49.65648768921554,39934.27325308708,34.425743690550114,Bangalore,2.013637821359744,0
32.74223699513465,93040.64461711847,45.50583417478792,Bangalore,2.586208348880388,1
35.67528204687924,64097.029785299674,10.408019029651836,Pune,1.647063534322959,0
20.752518137865437,93694.36804623583,9.259012535490445,Bangalore,3.302150648714975,0
29.55617275474817,61681.7802429796,19.34357463654791,Bangalore,7.56751505688635,0
36.10922589709866,36682.82958405154,14.615412726112172,Mumbai,5.193858595039373,0
23.490064225776973,40938.9814908041,53.076312595978884,Delhi,2.048812741507126,0
38.75698018345672,81154.03871987318,17.83755531733439,Delhi,8.778300781520409,0
28.99361310081195,86233.34004131558,58.69672381423309,Mumbai,8.795818549515293,0
32.08306250206724,58296.4009974942,24.19237275563977,Mumbai,8.70578425046007,0
28.98293387770603,95326.21901065699,15.834367447189761,Pune,2.3879621138153926,0
53.522781845089376,40123.51850554496,48.64371938569387,Pune,4.512393441809881,0
34.86502775262066,78414.0848324644,41.570219877047315,Pune,9.849896561408752,0
24.422890710441,50935.61120570105,32.9025686884695,Mumbai,7.720124763099903,0
43.225449121031886,64355.933412748185,35.989631750632086,Mumbai,0.2716742122555982,0
22.791563500289776,81137.56811159395,44.83689602670224,Bangalore,0.6520459126049205,0
37.08863595004755,59350.079233185155,18.33655603189013,Pune,4.639313768123328,0
18.0,70770.6669384842,59.80203146706406,Pune,9.092202058615602,0
21.718139511015693,104151.02742114657,58.638830755926286,Pune,5.387017979527142,1
36.96861235869123,66154.59513144444,41.117587062734586,Delhi,4.978125080342903,0
42.38466579995411,100056.6106895634,16.77529235017384,Bangalore,1.0547369995663058,0
36.7136828118997,52887.03548821717,42.73232509128973,Pune,6.5678010472429404,0
33.843517176117594,92715.30026996678,9.898714084875495,Pune,8.221031606002255,0
31.988963044107116,114597.64689578961,7.655235119113527,Pune,3.8042000750756233,0
20.214780096325725,32000.0,19.91487597960554,Delhi,7.756118509253275,0
27.801557916052914,60874.513868708564,30.981639663923083,Delhi,9.644766539008115,0
30.393612290402125,93849.73105233297,52.88671529205255,Mumbai,2.037664591276891,1
45.57122226218915,75126.91073496819,45.26712976738063,Bangalore,5.233296311947413,0
38.43618289568462,88907.50096091142,46.10615214479897,Mumbai,2.871379580845756,1
18.0,65504.3555188203,28.97664006019607,Bangalore,7.9285441903383935,0
38.24083969394795,82078.15489934961,24.680489597535995,Delhi,5.775933658811575,0
31.149177195836835,76263.7463505901,26.036093201168548,Pune,6.345824175503037,0
28.230779996940413,108026.76947983539,59.33307644174711,Mumbai,7.979141596158941,1
41.11676288840868,86106.10023922911,8.165896336274054,Pune,3.959704726624549,0
45.30999522495951,88102.46388980486,52.81970079061222,Mumbai,9.150900684070432,1
44.31280119116199,70114.95281306078,37.248472062909244,Delhi,5.3302886724614,0
26.60782476777361,68297.45062226016,29.685232636237885,Delhi,1.57954822835348,0
31.907876241487852,69618.60349232909,45.16391366241737,Delhi,6.958991181688025,0
38.31263431403564,89466.85141707913,32.280122836933955,Mumbai,7.932613504382544,1
44.75545127122359,69896.3724603137,53.16485485640967,Bangalore,3.1676167706752665,0
30.2082576215471,86954.59656551392,54.637900656607954,Mumbai,8.57179256998753,0
33.14341023336183,129809.61916749054,28.772930051166593,Bangalore,9.061432547657663,0
23.93665025993972,100906.99288236062,20.948701050692787,Mumbai,2.769044873778089,0
23.03793375919329,72175.43522797182,37.98691774404156,Mumbai,9.83521472715222,0
43.125258223941984,108829.13413193468,55.26762066330131,Delhi,1.4071152804875842,1
48.56240028570823,70206.19104748276,17.375758206305996,Pune,2.0201566840249,0
34.27989878419666,32000.0,39.64019551242807,Pune,1.8422483923802613,0
45.03532897892024,55805.92853798231,40.10425188499611,Bangalore,8.939897100078705,0
38.61636025047634,35100.99389537947,45.58810321042517,Pune,6.542925523249618,0
28.54880245394876,71563.67638300858,13.10465499687203,Mumbai,1.5210428322227287,0
38.61395605508414,80442.04110054925,44.654548092832776,Mumbai,4.40323418368349,0
50.38036566465969,120234.49549460679,55.08775611594461,Delhi,6.15298025069802,1
34.64173960890049,87846.25697033992,15.702887878993065,Delhi,0.8346408498938329,0
50.64643655814006,74741.58730858726,18.827339545889387,Pune,8.824163684073387,0
18.0,99905.73394840374,58.45533507824854,Bangalore,8.036035354415352,1
43.21902504375224,32000.0,15.772755446312447,Pune,5.052067735766382,0
35.870470682381715,85654.74939460559,52.13679504195728,Pune,9.671266152591704,0
32.009926495341325,98500.7646532872,32.58300424819387,Pune,4.177609792750997,1
35.91760776535502,44513.930101283804,19.350478017771557,Pune,9.841103190364976,0
18.0,107450.09703696631,53.02049466871562,Mumbai,6.67919998803627,1
32.80328112162488,88123.91377986595,30.04648377014393,Bangalore,6.346712732539414,1
38.57112571511746,70033.09006638078,33.800137112203274,Mumbai,1.65954895295785,0
49.77894044741516,95186.76478655083,25.39860194758735,Bangalore,8.81927758304644,0
29.81729781726353,134496.62858730552,38.01934597748608,Delhi,4.274896879206152,1
26.91506397106812,84364.79012140389,14.830289119591228,Pune,1.6223340578247936,0
29.98242956415464,85957.29407120807,27.118402979195082,Mumbai,0.1260751997575904,0
44.15402117702074,68975.33841103414,58.348265406105526,Bangalore,5.597556836383825,0
38.287511096596845,59603.735132845,19.939205365860886,Delhi,5.273996221226764,0
29.702397962329613,99928.0595970619,41.463779885229776,Delhi,7.193536223691586,1
40.13267433113356,59453.988178187195,23.56026346813352,Pune,8.902580530178021,0
35.9707754934804,81717.58969326543,47.767548787076436,Bangalore,0.7940658464302952,0
44.68644990532889,68536.2212776372,13.06717767879089,Mumbai,7.314964903403624,0
27.979469061226474,91495.51581791342,58.37033643424141,Pune,1.8741194409758224,1
31.72337853402232,88007.89052688678,30.50463523471652,Mumbai,8.581770531571639,1
31.078918468678424,104900.9586621896,18.746725020709054,Delhi,8.19063513861656,0
20.36485051867881,67759.60642748607,9.968824355820683,Mumbai,5.407937549855443,0
37.96120277064576,73523.00155295909,15.166926874727201,Mumbai,7.102427986233115,0
37.610552721798896,56509.67082122462,34.06779322202495,Pune,3.143501131837484,0
35.05113456642461,69336.96175817333,24.198171527289464,Mumbai,4.7116789893281465,0
32.65412866624853,89055.21183307646,50.759701757660906,Pune,8.216368977104716,1
20.84629257949586,98167.72679948846,29.26792627773752,Delhi,4.592651971732139,0
30.79354677234641,57868.03221973699,19.430570719732017,Pune,3.577982653254418,0
31.572854834732304,100870.54208253586,39.32582927661762,Pune,4.942124472502999,1
26.97722730778381,112535.30861131882,44.16596971181408,Bangalore,8.282492524372184,1
33.387142883339905,89922.43767736884,15.02026302665129,Mumbai,3.3520804737087277,0
39.04050856814538,125043.0995013936,15.051437679569153,Delhi,1.737615931357438,0
53.8618590121053,61429.059221514246,7.980257054411321,Pune,7.120140203307807,0
36.74577812831839,50128.287120525994,45.76570881354459,Delhi,8.259782127080818,0
37.57550390722764,37310.71402629732,41.845444491577474,Bangalore,1.0063747852353333,0
34.25554084233833,115905.0634757404,31.63006729048995,Mumbai,2.3987411275594472,1
18.0,95704.77575249739,51.585204244336644,Pune,1.419719897609939,1
34.73486124550783,78665.96789814907,49.506188259302874,Mumbai,3.4794141158216663,0
35.60230209941027,86719.24703167568,37.60913567742462,Bangalore,4.503509789054126,0
59.63242112485286,52988.262864838965,52.886649147715964,Bangalore,7.488263369633064,0
33.076390352188774,138698.04751080382,17.115425341985485,Delhi,6.511475848816741,0
38.015473423336125,83101.30836740547,12.043659447477305,Pune,6.209285674784312,0
34.65288230294757,82625.47507051744,20.566479021917438,Delhi,3.523749466096544,0
23.31321962380468,97418.39897356862,9.082690228823001,Bangalore,8.4144755308476,0
46.42822814515021,91544.22156168113,34.68315451205573,Mumbai,4.712871673981645,1
42.51933032686775,85373.21658269915,56.57670738392792,Delhi,9.791049380151543,0
42.91031947043047,61028.61306931251,8.124551196099521,Delhi,6.3414213829573685,0
25.90612545205261,91315.2405712639,12.593935356541445,Mumbai,1.2626474156450274,0
49.02794310936099,125168.58791540081,30.418747527305506,Delhi,6.7617756207543405,1
20.981489372077192,112290.08110771948,56.42925094650686,Mumbai,3.25104015431699,1
40.86857093800271,118236.47903934555,23.07242966874453,Pune,6.863271966860975,0
56.90455625809979,67730.82376565156,33.39067966917319,Mumbai,0.6964114816240574,0
25.09463674869312,56249.48431379406,8.244934388721173,Pune,1.748814371759594,0
29.33702270397228,76981.11391760844,14.0105328519528,Mumbai,8.557372589057863,0
35.99651365087641,81337.39789492868,59.27802663977774,Bangalore,2.271795570235149,0
29.965243458838007,106260.59644330277,58.116409607546444,Bangalore,8.3704112524294,1
19.493365689338678,39380.84888684434,6.2667589704581195,Pune,2.792760884544104,0
35.68562974806027,116709.20766705472,57.3978364128549,Pune,6.428819100587076,1
24.37696286273895,76207.81043410426,40.512476642037015,Bangalore,6.941505735098311,0
39.73592430635182,69754.85432126191,52.8675879040812,Pune,5.126547531450529,0
25.80575765766197,55709.49499375598,30.55595220422839,Mumbai,3.053106766967313,0
50.4993440501754,40283.43987522154,33.84218554327951,Mumbai,2.126443763710961,0
27.167467076637628,99756.09401508595,32.39771533387369,Bangalore,0.3318935456242622,1
31.779384837943244,81759.6312125217,42.010669907489635,Delhi,3.039464012407238,0
43.135172173696695,49040.93840621471,13.541167756840897,Mumbai,6.53162790531283,0
22.69135683566045,48918.109470473224,7.61857385312461,Pune,9.383048184484826,0
37.27459934604129,71941.16721703693,22.628216845924314,Delhi,8.71204482263052,0
48.07142754282428,120056.51660694543,44.05276118777892,Delhi,7.660647765353026,1
18.925167654387725,73769.80756727348,16.900086414639215,Mumbai,7.884473432532987,0
36.84633858532304,43924.56912516546,42.36535139954554,Mumbai,6.649849034759953,0
37.59882794248424,74102.16646193735,58.375250489792606,Delhi,2.60286857566003,0
42.8182287177731,73454.63432605592,11.07063865262859,Delhi,9.071950307058298,0
22.63049289121918,32000.0,42.320514384156816,Bangalore,6.707323119058341,0
21.79543386915724,78696.92320357251,29.962511842446844,Pune,5.6044063098044,0
40.21941565616898,74457.57127499173,52.87968173638529,Bangalore,1.1098946921348107,0
37.96984673233186,96708.95275552206,15.566088630158838,Mumbai,4.470555438064254,0
37.50492850345877,124374.9462786883,43.401801420212884,Bangalore,4.603582712019263,1
38.46448209496975,107037.56070914619,51.25822564099795,Bangalore,8.645636095226699,1
28.199752784215093,73546.67142668407,57.009167851597255,Bangalore,5.466482201877884,0
37.32253697161004,53443.37819019992,42.89539352764087,Bangalore,3.804005489704097,0
37.93072473298681,141760.63527799663,32.84743725645507,Pune,9.768003285106593,1
27.85648581973632,81421.24241634773,39.363750970865546,Pune,1.1072059332631567,0
53.65774511144757,80334.30300591073,52.92086916185078,Delhi,4.225484283119446,0
39.73832920911788,79420.99790935992,36.8129263184968,Mumbai,0.4202467517140529,0
23.086965027973516,84754.03425842852,7.640901223629189,Bangalore,7.399041207669303,0
41.5655360863383,76535.35011382539,56.27122955737679,Delhi,9.180765521991509,0
25.253183297726785,66232.11183487433,43.2344445557043,Delhi,2.8003732955048943,0
42.87084603742452,66875.38541023059,42.531722831971315,Delhi,8.583416767991208,0
46.58595579007404,79213.92151481604,17.646458229476725,Pune,2.922182304618977,0
26.79317681648289,66957.80549278964,41.579815392563496,Bangalore,9.107701616439153,0
44.63376129244322,62891.701215748064,27.268677905324555,Bangalore,7.539619035967839,0
39.12780926936498,82554.32546460553,41.16658076024057,Mumbai,8.049067768414385,0
43.2206015999449,73880.54678189948,11.756023636631499,Bangalore,0.180065556004545,0
53.96792982653948,116095.83172598454,41.523646448563944,Bangalore,9.62810357074026,1
32.54611883997129,32000.0,59.968341191616,Delhi,7.266709920703232,0
27.462638356425103,106196.16444613908,8.603450098470026,Mumbai,3.047510953861333,0
26.104855703744768,109906.04461994312,58.76740594795113,Bangalore,8.29394664858847,1
26.841897150345616,32000.0,27.973029879035018,Pune,2.8152119841492995,0
34.22898290585896,71775.49774207163,53.02068631821199,Bangalore,8.727538395661279,0
38.41151974816644,71085.41921610101,48.24881613914676,Delhi,1.12580390411937,0
37.766907993300194,46219.71932677229,36.61887809328006,Pune,7.036859774607958,0
43.27183249036024,61332.399497818995,45.87625729957163,Delhi,5.406984766449103,0
35.13001891877907,53346.17970882012,53.439840310272785,Bangalore,0.965344701954408,0
49.53534077157317,122054.49064216696,27.82357736915578,Pune,2.41893828258839,0
32.35343166762044,102456.28143553907,23.659790724414886,Mumbai,0.1240403627731479,0
62.20169166589619,110517.3222798598,42.050042820433575,Mumbai,4.687679654645058,1
41.25667347765006,97320.12953703765,49.62368086482797,Pune,3.012652607600004,1
26.42842443583717,52902.75749078649,47.16339727793725,Pune,5.983574842977588,0
24.29107501938888,67411.51360928545,49.08193703836626,Delhi,2.972378077086172,0
39.824724152431855,91744.98946947005,29.521498999898384,Pune,2.9991911150698467,0
32.76537214674149,50668.932586593306,50.16304767345117,Delhi,7.431931987316034,0
42.14000494092092,97111.96232413732,12.491288990012855,Bangalore,0.4814283597835345,0
39.73237624573545,74232.19044420475,35.402411289885876,Delhi,9.028949951919872,0
34.271710873431275,71004.30061880966,6.310967666898565,Pune,8.522638743911815,0
26.53206281931595,97063.03923688381,23.527634814614597,Pune,6.678046832264065,0
19.851527753141355,90662.31947566496,25.788922883055488,Bangalore,5.932215701073843,0
30.53485047932979,71336.8120203421,27.39332534689979,Pune,8.923024981396523,0
43.56398794323472,107823.91528074197,43.55522916125256,Pune,1.8533017952871444,1
37.14093744130204,54054.48013760246,26.98213746859867,Mumbai,0.7896916219082861,0
22.54261221288012,94782.45456666235,30.229455621616655,Mumbai,2.395101699095381,1
36.73180925851182,94234.4301912412,18.82738306721368,Bangalore,7.945782787001903,0
38.85317379728837,72570.88545646424,26.155596747984365,Delhi,0.3467026672648332,0
26.16142563798867,87827.19253381084,18.27255987221018,Mumbai,5.828068350834896,0
36.53725105945528,49973.27416675273,9.952579883495956,Delhi,9.9543751619131,0
35.58208718446,102176.64846096563,38.5862240425944,Pune,8.556960938375394,1
23.57029702169377,75562.34872536827,42.08349112197087,Mumbai,5.214456890435894,0
38.57787360348284,67454.64750754304,39.45247868451918,Bangalore,0.6364090928664234,0
40.60784526368234,105176.22142008535,31.028678365230903,Bangalore,8.313735143857098,1
45.830512431752766,63095.75142697378,26.508432129678408,Bangalore,5.989785081772105,0
45.53802052034903,46196.928887274575,52.62001707687856,Mumbai,1.1493299705956683,0
21.22330632042909,42640.8998354263,34.03041639735577,Delhi,0.938572848233562,0
25.621749600848773,94544.23883229535,31.87582139200547,Pune,9.096268194365924,1
40.1503526720866,49269.69554008921,7.384671553547527,Delhi,6.692002629380784,0
40.13785950912209,122115.06036762474,24.427382691812443,Delhi,8.292867993167555,0
40.15047686306048,32000.0,26.53056341443628,Pune,8.789789002822673,0
70.0,120714.95283896092,27.536430168432627,Pune,5.717723520483222,0
40.70890510693167,85064.41921286285,37.329307938275946,Mumbai,5.174463517550413,0
46.35565640180599,77678.88531511059,34.81453752325144,Mumbai,4.304274103209902,0
44.54001763493203,66921.9419165852,38.82687501084601,Mumbai,3.169465877911193,0
41.51391251305798,89579.2667444497,47.303696123274925,Mumbai,4.345959608587117,1
31.847307553596544,79096.76714180363,49.90122989066904,Mumbai,7.738796557301564,0
42.58969220493268,106479.2451683965,44.778646116230696,Pune,6.019234310151315,1
27.27174785462428,82741.46356788895,57.59827958156647,Delhi,8.925232899548462,0
32.63181393259991,83607.24227508507,6.984559464523529,Mumbai,4.433800143791878,0
30.146364521708964,71273.30690686747,16.57201122691149,Mumbai,6.07089578718754,0
35.81874139386323,78633.30503069439,6.408395248819674,Delhi,6.313075530919887,0
58.146585666735085,87387.24245340942,40.96363456434856,Mumbai,5.916971623063255,0
18.0,38955.95857624098,54.4936496432993,Delhi,7.026337730855163,0
41.86260190374514,47643.54986946289,19.14804401512016,Delhi,2.374334683748063,0
18.872841288103483,97838.33825654516,56.05986541900056,Pune,5.123637775457906,1
30.280681342105662,84100.7705150706,9.254439075636286,Bangalore,1.0422480280834767,0
45.889505969673664,75584.3999275357,56.45954544749777,Pune,3.845113276448125,0
35.64280019095463,80442.41439356944,24.987625110940257,Bangalore,4.876670686212644,0
24.222552220706937,88341.96092868011,11.476724736257694,Bangalore,6.522242595454725,0
27.84696290740032,67045.76767257533,32.23707499606158,Bangalore,9.505310525862036,0
41.79597748934676,61320.6865903445,19.865934656907427,Mumbai,6.006510665483559,0
27.696333682828637,84700.28612234436,21.383136705943834,Pune,7.435939161765598,0
37.16458589581975,56519.05333723923,22.593658106019472,Bangalore,5.062660594952027,0
35.45571839903814,89798.06613714733,49.363398482963824,Delhi,6.341040313763314,1
28.48399652394183,39137.993498291835,35.11470894046374,Mumbai,0.7093221613377343,0
56.439440893253256,104699.73529581545,22.810615754424198,Pune,2.54391580841847,0
41.33919022318011,91342.33957791304,38.95802429878959,Bangalore,3.618530932051387,1
18.0,86144.71362353303,44.67213640805245,Delhi,4.724933550065136,0
36.86454314769428,103584.58361469234,20.721696039610823,Pune,0.4564874550238373,0
28.38213535231612,119971.38666710183,28.33165148236898,Pune,1.4002409755331768,0
43.52433334796224,104344.88156043514,12.581849040195168,Mumbai,2.7681430779130576,0
27.074792615672997,35819.018448040515,15.782064874872736,Pune,9.715326909010509,0
33.85263558533101,49290.15279834317,42.78036411410907,Mumbai,3.3134700710305074,0
40.049872789804574,65004.354135303714,15.797670775563855,Bangalore,4.820410581120825,0
43.657551941701215,80626.18520506001,34.35882271802125,Mumbai,1.9609771273839292,0
22.99703592944224,92423.81649125897,44.288498133011366,Delhi,6.107800710757683,1
31.65498764159052,62582.14848431683,11.771353847116169,Mumbai,2.806832155159743,0
30.25054688839044,84482.40234744988,36.63485985996079,Delhi,2.069925784384268,0
28.46670767426288,61870.809623520254,19.854390319873644,Mumbai,5.16572628445979,0
52.65454240281097,65323.57272819325,57.99805126282931,Pune,0.0550579916042082,0
39.04981710960956,46240.13367564267,32.11146492287593,Bangalore,0.0766403264922532,0
22.391160456649548,57842.40209333829,49.52359768785854,Delhi,2.1906880910185778,0
44.17861947054776,47559.569465208006,35.712233276438134,Mumbai,0.3672136250082114,0
56.22156197012633,56579.041928544015,8.344276774160234,Mumbai,1.0802575413069138,0
45.32465260551147,105287.40311858815,40.1901742820772,Mumbai,3.388606493387516,1
19.806300340459867,57214.42666803337,57.37578047915947,Pune,8.025856795798129,0
30.157659271337486,143177.1695560974,38.487038287901875,Pune,5.720486433693008,1
47.66911149186623,91839.62962114136,50.23619840904667,Delhi,5.126677259564164,1
27.923305343812192,84436.06696867698,53.747149020814014,Delhi,2.9348882320812164,0
39.43819428146229,59399.41327565088,18.316307685242354,Pune,9.317537194328164,0
42.74634053429337,96807.4371058158,17.450421355044238,Delhi,3.970150412371917,0
25.73069528421917,66184.69217029342,38.992973397953556,Bangalore,0.8709276679577149,0
34.404746439382,82928.23555148867,28.195537369562054,Bangalore,6.170665161178013,0
18.0,141442.02891845108,51.3525103548029,Pune,1.138383934766014,1
24.756123586657104,77694.56240660841,54.601248663492605,Delhi,3.452231428016921,0
32.4743184860684,107582.55983085623,25.084754482346778,Mumbai,5.074119387178088,0
22.522168180351507,63123.7657969787,18.79101018462203,Bangalore,8.742225246851758,0
51.32411303931635,79160.27622807292,48.14837782316854,Pune,4.935465803401186,0
20.698586220393672,122499.21525525223,20.83952591959935,Delhi,7.022587660316643,0
30.59955513303016,64952.79061309358,50.42117319973863,Pune,9.928168389990704,0
36.30740577286091,123498.76539192628,28.88186569703319,Mumbai,1.3148911989798162,0
49.412732890661154,96986.04645093142,42.0476945617394,Bangalore,2.747315255195195,1
20.641378488205607,66500.79737853758,11.158906947072083,Pune,3.945760755976464,0
46.63163752154959,95177.78573733251,39.68840353253495,Pune,4.218281785388314,1
35.10233061019587,103341.30679104153,30.395454651810372,Pune,4.110210752655457,1
25.18491348952049,94923.43909321271,37.676857011475605,Mumbai,9.07611002556555,1
39.62103474263271,42314.60672262905,15.072767218222625,Pune,7.140326444668564,0
36.9905969557347,62548.707780203156,45.79118222698583,Mumbai,6.079052140907038,0
28.997831228412053,74059.55274676389,52.59104218733434,Mumbai,3.093727178627821,0
35.69802084990019,78213.59770159889,17.703949204901885,Mumbai,8.237903842212948,0
31.1468640313824,94896.13034121628,11.168585998088732,Bangalore,9.550605114849889,0
36.13517345251248,84264.8240223981,7.276483646502165,Bangalore,8.211982825502265,0
41.62130674521047,47951.73539095757,40.66646102393636,Pune,0.015651051914729,0
50.86016816145352,89124.74842414312,38.783077948794165,Pune,6.36401370183407,1
22.62184501173151,94654.05788681177,35.52166028655978,Bangalore,0.5113538144210072,1
56.330333746562665,93434.97075034498,18.52514319026267,Delhi,2.5760722033372185,0
18.0,105938.73741331091,27.108923778897793,Bangalore,0.5952470034777169,0
33.482149049644164,100014.1317091737,38.101722100053344,Mumbai,6.037954529493877,1
40.883172064845766,91020.32190148249,32.82541037839515,Bangalore,6.865899134926067,1
37.809918677350325,78316.02292499247,59.34041809160391,Mumbai,1.1448763806590512,0
28.773004801794063,40136.93759561621,13.367746638063588,Pune,3.838388830449795,0
32.918777496427246,90310.83725918207,43.537805918570065,Delhi,4.562365089555421,1
30.069990653411672,84984.50449191467,27.833213477631777,Pune,3.690530217609166,0
29.106352430557884,86517.89209268897,29.122779205983196,Mumbai,1.2102500048519305,0
43.496020970210246,49358.03418031258,44.75027934554152,Mumbai,4.1894779018747546,0
38.57015485965047,54054.6430302017,43.391552171515954,Mumbai,7.511780478084181,0
28.07090404739346,105275.66847998969,59.52782365991817,Delhi,0.7100766453325547,1
43.9959987543325,79050.67630744028,12.933291630522762,Bangalore,0.8018001408190345,0
38.072995208766095,96356.01673694298,11.621921066744981,Pune,3.547712918359842,0
43.1286211883896,80679.64102713107,45.11429612495202,Pune,9.417257116189251,0
41.29628841923612,80714.14734789789,37.23289351834609,Bangalore,6.6857264672291405,0
26.71004989077928,102518.81134342395,20.804675994229516,Pune,6.786699566725648,0
29.398189598030307,67614.92652278303,10.288645925405277,Delhi,3.6191999083786497,0
42.472936051232615,82306.8986465836,10.625545478207249,Pune,5.9366079120853845,0
41.10370265433465,68905.39307107897,54.28630723186238,Mumbai,0.1013118402774337,0
34.79098406035852,69572.09054162443,16.360835534812118,Bangalore,6.360960464095422,0
36.17327383308782,72579.86903675266,23.462064354238123,Delhi,9.132869475762368,0
47.77664895788425,85331.21051920911,18.23944572025735,Bangalore,6.125734683448192,0
29.084286111641703,68510.03308007655,25.169800514924614,Delhi,8.736985934663451,0
40.470973811700375,110138.14701376451,9.748887508289043,Mumbai,7.239730554660938,0
32.97807347566106,58529.42474673191,34.0292287090466,Bangalore,1.2055841640369025,0
32.8231879677278,75515.08054012738,9.651078433979606,Pune,9.024533072858418,0
45.9877685198719,69446.4546014198,49.219251422407524,Delhi,0.6644384435577488,0
43.2541634898803,114727.4692244896,18.620452423163382,Bangalore,5.3396747254776376,0
43.13509636000639,84717.31463627779,35.16064338864357,Pune,1.4213712379345766,0
48.05478807154329,104764.26894724724,53.52427072831875,Bangalore,0.1170661073090406,1
35.21003841632759,44346.551047112676,41.14737792854848,Bangalore,4.22034260127639,0
41.81952971294964,86409.20638086222,34.7797204737721,Bangalore,2.950407076541562,0
31.89733243406544,101351.13909496249,23.514022668230286,Delhi,4.86000493797603,0
38.24166352488442,81974.8157426102,23.982103305142687,Pune,5.771998867345508,0
33.69856945632316,105571.52900156843,42.152295580702265,Mumbai,0.4373907230894736,1
35.96995964992718,67585.07719759106,59.683525505943045,Delhi,1.2300329512374564,0
40.95157025436914,113824.33856445394,41.73931625186645,Delhi,5.586423964504253,1
26.817793167665275,135173.55496686202,36.12030453798134,Delhi,3.4316735317265823,1
55.92387275685461,71291.87454944818,45.455127552919286,Mumbai,7.29173487549448,0
24.93982618500298,69307.93948638148,31.121103063320778,Pune,6.522916485919397,0
22.85811387212268,114881.22745082481,9.2476865004424,Pune,8.456043629899067,0
46.58110873500068,117909.7314975371,36.364028057407126,Pune,6.924928266692253,1
42.91662693962936,67451.35934832157,57.71176536329052,Bangalore,4.299310773901482,0
41.24119817052155,69915.51638969942,15.466358887313618,Bangalore,6.729666223944324,0
41.2834550926428,73237.16938734785,43.260264104315944,Bangalore,2.753811742554185,0
34.87753227153085,47733.18773517735,16.850419187589047,Mumbai,3.063134987782127,0
26.027456285141685,57952.35328437925,34.93469496154639,Bangalore,7.889851599207933,0
35.75804558193726,55900.621597950376,11.220528280922858,Mumbai,4.4641951640158215,0
28.228382884878883,61572.85843750092,30.320030557941998,Pune,7.983803405183525,0
44.75119733417751,79167.56270271726,46.83281976034329,Bangalore,8.224223736682784,0
33.52942618497861,85621.1535808765,24.76886230890503,Bangalore,8.575623376612837,0
26.745028032074885,117212.01182753785,41.905233122309774,Delhi,9.166352358412071,1
31.786141583470062,56039.503022269026,48.95429788264537,Mumbai,4.309852205132962,0
39.12931454275624,103623.73756343802,56.06760225189043,Pune,3.188668183211388,1
29.36275447196025,74864.26773858779,18.67067242019449,Delhi,5.821987465941138,0
26.777796044335687,78812.87096834161,27.56305945370264,Delhi,3.711724234376276,0
37.436872114919126,96195.6678119985,14.230464719842542,Pune,6.010741668002329,0
37.44966571108723,53054.67148250484,59.594109116552254,Delhi,7.055858626438246,0
29.9305682462887,89177.83390841722,56.05805226791193,Mumbai,6.884050184921369,1
30.28961694381677,83994.85299711335,35.157685035150216,Mumbai,3.7455288702012135,0
37.32049937357636,91818.83033619559,51.469797896326746,Bangalore,1.6686020169875282,1
20.51915658502676,86940.04745378764,34.131730772690275,Delhi,4.305293384622075,0
20.925362256234447,138927.20335786146,39.673627152149024,Bangalore,1.4259414408190874,1
27.81555778747564,64694.24037796841,10.812719334264898,Delhi,8.900970351838083,0
32.86552848288153,67256.07307995639,46.78460270682762,Mumbai,3.458774607378574,0
38.10907565598005,65044.62736580565,12.89652811630268,Mumbai,1.5445974722332378,0
49.75356216949552,66668.54914015389,50.607652033636526,Mumbai,0.2544775990575088,0
43.576596232020194,64702.70894464357,48.229516734200836,Delhi,6.458223862864843,0
33.40061470036573,108536.39674658125,44.27221367812073,Mumbai,6.369023174547433,1
34.80983792097311,114092.10195175651,7.952660548337154,Delhi,3.406041665812917,0
24.97470635362191,66302.08895001256,22.368931221047742,Bangalore,0.7171188884765101,0
34.8148686400761,60023.46624549851,20.208078775185513,Delhi,4.096288948952321,0
32.11341361079862,91313.9733532737,25.44736600346203,Bangalore,3.112174950633936,0
38.227185603380896,66746.6469372567,10.732708325247282,Delhi,6.7712063973500936,0
26.72769056447677,95190.36362613225,56.59572244367738,Bangalore,6.057792494526904,1
40.193465142411725,84870.1525004312,35.90532099846832,Mumbai,3.6459372819754,0
50.32738913002578,43622.141240066434,22.498312775533268,Bangalore,2.178925542549901,0
33.91239851543143,117140.12483192148,27.437001922011305,Mumbai,9.880359661555918,0
39.01711722098941,123101.06415429253,30.148937187261126,Mumbai,4.540016211961149,1
41.90143991711113,65293.07142837474,38.43209400147334,Bangalore,6.88274235780237,0
30.98779528114164,70695.16256153639,33.84668909561088,Delhi,1.4055296757836078,0
37.24092481810417,86860.76937739772,55.647166553578536,Delhi,4.855896996593978,0
35.12592400781795,88026.96295968861,32.83602807691483,Pune,0.2753671986946548,1
35.97676098548832,95805.06254414792,59.57653280045888,Delhi,5.054551179104499,1
27.269902161445337,128244.90893039238,51.97694771823517,Pune,9.640174071177023,1
35.245101742589426,75753.26654014281,17.259567775296134,Delhi,3.842067129858002,0
39.979982912454496,60840.86613107713,56.25214159077149,Delhi,0.3899601257491158,0
49.51143607795042,46896.33852765135,12.283785485815708,Mumbai,0.3095579091934353,0
44.59270826085207,62457.679041393945,50.14228425852434,Pune,3.879867599468695,0
56.53182457511557,79204.95265102887,26.553657847735323,Delhi,1.6002493646319405,0
27.326524371119504,123069.38872442691,53.41061330403375,Pune,0.2335209632818591,1
43.72320636720679,67577.3288231319,52.87506126580232,Mumbai,7.562136139501768,0
36.83342005738352,85370.91083933358,49.51997160635154,Mumbai,4.585230088818907,0
56.89802933217672,79605.85049425396,48.66164356058132,Pune,2.892447719726545,0
26.917017146448487,108521.43856275403,22.452673511294204,Mumbai,9.000831830164808,0
26.60278157819224,140646.37822096693,10.369641284767617,Bangalore,1.161389602005256,0
29.00607354555978,67259.14944991231,27.760929653318716,Bangalore,9.559188289553193,0
18.0,68253.45337956268,15.370323809271467,Mumbai,3.139667173773528,0
29.74244978319239,105059.86104965775,43.52735880073293,Bangalore,8.884036723086812,1
27.40867338446302,96365.39575103148,24.68938523304042,Delhi,6.029428764794615,0
36.50393786476208,124320.97581766482,58.6829508464354,Pune,8.267073597414875,1
38.41755975777159,94014.27644782314,40.612492176647926,Delhi,9.840131632104644,1
53.76170839215887,71376.98982111058,50.41395043625549,Pune,2.884054378187457,0
44.5042383818605,94175.71593661542,13.156332328059817,Mumbai,9.61135485407593,0
29.23096344337597,106608.8859339898,52.54878204272162,Delhi,3.894818949024204,1
26.01585328651642,99691.57234873675,55.828888287723295,Mumbai,3.855119047369224,1
39.919191715065054,92174.57674657516,32.30134361622254,Mumbai,3.403871042545057,1
21.797667929793576,105600.19255013969,38.73765863855278,Pune,5.414076073475852,1
53.31458765854354,108063.09417069616,47.29972924876175,Pune,1.541450431784871,1
46.79440120721287,113171.81578490067,15.441285872062277,Pune,5.537114853580112,0
30.308243478952956,95569.03730215144,33.13856812902589,Delhi,5.41704812410004,1
18.0,75989.1660723955,27.52780349970491,Bangalore,7.6190181260487,0
48.53872374165413,83521.12847439974,13.90419557676145,Pune,8.336499619375855,0
33.85460154747382,108956.21519620056,25.8468588037427,Pune,4.404413503124241,0
47.378163119734616,60393.543896306335,9.681304706816654,Delhi,3.0233324935149373,0
19.05572341205633,88848.15941294964,7.393842975272296,Pune,2.5933489731709445,0
29.006249770462272,70559.86850414335,13.298979614360428,Delhi,1.9462383670487196,0
35.05243699718183,80689.87575043563,58.008216025815386,Mumbai,0.5764758219902488,0
35.46980593764742,110682.84470257518,35.67459493833092,Pune,3.424479788347133,1
30.499345285207564,84586.37763247768,58.15439670227388,Pune,2.702476921307833,0
41.228499323474985,81114.47715574758,29.354885429827128,Mumbai,9.664173858664071,0
24.323795706174057,47363.45261648194,22.838071186604015,Mumbai,5.577088262500439,0
33.576205149787064,97910.08558465331,33.33166059337318,Mumbai,3.4727703903050755,1
36.20295631711899,95491.62034738582,29.733631186177146,Pune,5.80467600993696,0
40.14438834058749,131918.11335933104,11.705892950134173,Bangalore,1.391967013456955,0
42.1161487808889,72613.32236112798,40.60462099327114,Bangalore,4.4404374920220295,0
23.753579081621307,85259.60786393454,17.66606185551838,Bangalore,6.262343214210638,0
19.658858292643774,85985.20840905813,39.457749564482796,Pune,4.888978317924514,0
47.77676821898509,117858.8787143234,41.11085898950029,Mumbai,4.017788006543243,1
38.32314011979592,77712.90722271315,14.209342068946997,Pune,9.938483888996982,0
27.515134634434464,86696.51661848815,9.31287986397608,Mumbai,8.80314762148927,0
50.51151975522523,94589.51623319695,48.16112564769575,Pune,6.234059581594401,1
36.156746342928585,84478.6189557526,30.829222883543288,Pune,5.693773611822827,0
46.792971840638266,69285.59325078734,9.140844957295691,Mumbai,6.2066047982458405,0
35.67518481410109,84658.15982955939,59.72278112716742,Bangalore,2.0131210782243327,0
55.60747924881987,105767.16199663455,9.120150293803798,Mumbai,3.951377432643186,0
52.55340842443204,55363.63281413456,43.53190235836187,Delhi,0.3945953289089932,0
32.51035851520926,83191.27217952503,59.118661964224344,Delhi,4.755460374868266,0
44.71570950954356,63197.10044145985,18.91572562765998,Mumbai,5.430245839576632,0
41.45375949585147,108681.11909419623,13.681465909108594,Pune,2.277497361032096,0
48.68631557532349,43443.51428518941,12.554786728811159,Delhi,9.640288471655138,0
25.350765394198955,66585.87566548189,22.376857968650157,Delhi,9.09454610937242,0
41.86051459998439,89053.0850015485,11.45647379457492,Pune,7.221432354559059,0
45.58424486849588,117572.57670162419,43.37671245148312,Pune,5.333866287653626,1
18.0,78421.99373424832,9.363757099023383,Bangalore,8.69969159647685,0
23.16741487334225,66675.21135936324,33.50879492008864,Pune,1.3065234382346291,0
18.0,125147.76966657415,59.821630108060745,Mumbai,7.90509794274885,1
32.305931655554424,45247.66639001015,49.95439455332501,Mumbai,1.248208139668483,0
42.17542255795962,32000.0,39.22184966447459,Bangalore,7.942106625494054,0
50.02357052096028,90560.34680127999,22.53769552247703,Delhi,2.757675682513569,0
35.74094780419775,67950.69861553733,39.69037515974848,Delhi,8.770905810181889,0
51.28615545571292,55490.41238886288,34.46023905122918,Pune,9.44042093825398,0
21.198985417851084,97000.55473518449,29.008502730080064,Mumbai,1.4879596940511564,0
18.0,85851.21713050878,13.05836034397077,Delhi,4.626756050653935,0
34.44452301103381,66462.11286231854,53.876627622985204,Bangalore,9.809873781626852,0
38.840654489393074,49272.69443189853,30.288371036351414,Bangalore,4.834074359731466,0
34.67305251905907,100938.97587872349,16.509615638321314,Mumbai,8.635475225145452,0
18.0,95604.82827100788,25.859004947373638,Bangalore,5.887315221313198,0
34.10879960487212,77619.77926929481,28.36300663656206,Bangalore,3.753299079196019,0
21.95530499495147,124319.287905144,50.687046360611205,Mumbai,2.857835555258702,1
41.69672548830039,54317.965608172344,45.61517655031571,Pune,2.0322309108608727,0
38.66598246096848,43387.39589780627,47.54246425663235,Pune,7.617981913776973,0
25.60120213672645,63394.206322850136,6.595688279146949,Bangalore,3.865405068230279,0
29.861330826633065,78905.93560746807,28.472315901707123,Pune,5.112754622007511,0
24.407864781110483,85840.14678374461,31.99258418830747,Pune,4.92325480001182,0
34.37320902726828,74210.3346114481,7.036382948445061,Bangalore,5.772790292331313,0
44.551423205012384,88449.32951634313,20.02991327223185,Pune,8.655771456245523,0
25.14273953664456,49963.05381942935,47.055650448595294,Bangalore,9.807393435834294,0
40.040465155178445,114650.35049775823,13.403924109365951,Delhi,4.075842085738169,0
29.69742381627559,78028.37171857835,34.90674709843995,Mumbai,8.27518922106303,0
27.07127167737656,106815.09995811508,17.62090108893082,Mumbai,7.645277946547177,0
33.929696400454425,88225.4083130649,6.6545218307702365,Pune,5.735289514555733,0
24.647576775806257,90962.07725969082,19.024878710375237,Pune,9.56047143611933,0
29.463506946528177,93674.4147255729,58.697182765142905,Pune,2.004745155284028,1
23.02122107411152,90745.00544041558,49.28300404168144,Mumbai,1.092642103096214,1
54.64725132916389,95425.34623682106,57.8171387933358,Delhi,8.539619669554222,1
35.35263551971729,111899.66072317837,32.34411837202357,Delhi,4.391498166337483,1
28.002744920074143,84716.50807283529,11.925754728585192,Mumbai,8.469688542070605,0
37.13979910734222,97016.0901821243,35.58981240457942,Delhi,8.930902051954149,1
33.8767195030917,77846.34333710656,30.536376066237885,Mumbai,0.6245759361907144,0
32.79030400466777,114562.81317078735,51.59528246793926,Delhi,8.834647629860607,1
41.14166700043425,63766.584750577545,11.296459362349207,Bangalore,4.483190553694222,0
42.57507710047305,123222.57038985957,32.36502139917602,Bangalore,5.104324890042323,1
29.694988523894725,79036.20918453576,14.102627893475148,Mumbai,6.265925110932102,0
29.2418175935532,45661.39754916685,23.532500052063234,Delhi,9.263826067300869,0
32.24948302848356,83074.50595785894,45.81728217894118,Pune,0.1911609442976403,0
18.0,63654.76022060285,31.704978985913392,Delhi,4.768434683178171,0
19.84808937801448,100175.44517572939,26.297967397871542,Bangalore,6.877220424305607,0
48.66874267444525,64337.02449674262,27.301719042781905,Bangalore,7.227069576982284,0
51.449677135012834,69291.59760284529,30.81012549392328,Delhi,6.92532431537108,0
32.50963960443622,34651.02245730726,48.390893367201066,Delhi,1.3443512940812186,0
40.765569630557664,69144.64833802216,54.17257320277266,Pune,2.9939558837168123,0
38.11250154543536,32000.0,57.588073071212136,Pune,3.587155254170135,0
65.78880808455239,41986.33223634264,48.49278285778593,Delhi,8.04437207679505,0
46.195749114345766,98249.95174746314,23.031972370392683,Delhi,2.7875987241455302,0
33.72082408519233,98859.20380761998,43.159274128673275,Delhi,2.107049638672032,1
25.444595593995743,90210.98148283915,29.63056869899117,Delhi,9.574480190380962,0
18.93553679742428,56792.57256489889,19.752213590486765,Mumbai,0.088632851134689,0
37.03463635867223,78854.92745259248,51.40706528899982,Delhi,9.978208556819782,0
27.436492547156966,79913.53906182636,8.075022843965549,Pune,6.768212988573956,0
20.77746290402326,52199.247459378974,54.69514757531287,Bangalore,8.28469299449117,0
28.534271157574736,116081.55924241162,30.919783089735642,Mumbai,2.946193963461932,1
24.18451996385605,101056.69497381612,40.408879747647134,Delhi,0.1431527766705997,1
51.871416350725646,74696.85982808807,41.60511179911226,Bangalore,7.3786951856153,0
43.816397569494505,80645.26013586874,54.33635799815297,Mumbai,8.341445970006758,0
34.92027358683383,85001.18739074127,40.3801628370292,Bangalore,7.404761319535192,0
49.79944138890026,32000.0,39.152413577043326,Delhi,1.428502873008386,0
35.77368307647618,74067.74281950567,9.599210190277258,Delhi,7.53427922256969,0
26.38715798671736,63632.37804805284,33.99403318504102,Pune,7.689227821076409,0
50.23124077269657,55961.11976252203,14.10912604412025,Delhi,6.585405156700549,0
40.38910043684659,73253.5929707371,45.821423510960216,Delhi,7.661159327955862,0
24.62753845673544,123144.47664438855,33.659983723884416,Mumbai,8.459214396777321,1
33.09661321916392,95380.22867040825,42.732300077251075,Pune,6.136041142374584,1
26.24381746615243,66291.70424521288,8.25033663252875,Mumbai,0.8860471396967906,0
21.17200269035664,93741.98675254782,10.578768866473373,Bangalore,4.876278096672109,0
